{
  "name": "Orcnog Card Viewer",
  "id": "orcnog-card-viewer",
  "title": "Orcnog Card Viewer",
  "description": "",
  "systems": [],
  "version": "0.1.0",
  "manifest": "https://github.com/orcnog/orcnog-card-viewer/releases/download/v0.1.0/module.json",
  "download": "https://github.com/orcnog/orcnog-card-viewer/releases/download/v0.1.0/orcnog-card-viewer-v0.1.0.zip",
  "url": "",
  "license": "",
  "readme": "",
  "bugs": "",
  "changelog": "",
  "author": "orcnog",
  "scripts": [],
  "esmodules": [
    "init.js"
  ],
  "styles": ["orcnog-card-viewer.css"],
  "packs": [],
  "languages": [],
  "socket": true,
  "dependencies": [],
  "minimumCoreVersion": "0.5.0",
  "compatibility": {
    "minimum": "10.275",
    "verified": "11"
  },
  "packs": [
    {
      "name": "macros",
      "label": "Orcnog Card Viewer Macros",
      "path": "packs/macros.db",
      "type": "Macro",
      "module": "orcnog-card-viewer"
    }
  ]
}