{
  "name": "Orcnog Card Viewer",
  "id": "orcnog-card-viewer",
  "title": "Orcnog Card Viewer",
  "description": "",
  "systems": [],
  "version": "0.1.0",
  "manifest": "",
  "download": "",
  "url": "",
  "license": "",
  "readme": "",
  "bugs": "",
  "changelog": "",
  "author": "orcnog",
  "scripts": [],
  "esmodules": [
    "init.js"
  ],
  "styles": ["orcnog-card-viewer.css"],
  "packs": [],
  "languages": [],
  "socket": true,
  "dependencies": [],
  "minimumCoreVersion": "0.5.0",
  "compatibility": {
    "minimum": "10.275",
    "verified": "10.291"
  },
  "packs": [
    {
      "name": "macros",
      "label": "Orcnog Card Viewer Macros",
      "path": "packs/macros.db",
      "type": "Macro",
      "module": "orcnog-card-viewer"
    }
  ]
}